epoch,time,train/box_loss,train/cls_loss,train/dfl_loss,metrics/precision(B),metrics/recall(B),metrics/mAP50(B),metrics/mAP50-95(B),val/box_loss,val/cls_loss,val/dfl_loss,lr/pg0,lr/pg1,lr/pg2
1,39.003,0.76941,2.16502,0.97054,0.86947,0.84211,0.91095,0.73233,0.77979,1.01559,0.928,0.00332939,0.00332939,0.00332939
2,66.8681,0.68782,0.83831,0.93354,0.89121,0.91447,0.96268,0.79515,0.68957,0.67496,0.89599,0.00665613,0.00665613,0.00665613
3,95.6524,0.71379,0.66186,0.94449,0.85684,0.90789,0.92098,0.73312,0.79013,0.67151,0.93559,0.00997626,0.00997626,0.00997626
4,123.043,0.69764,0.5665,0.94063,0.90598,0.8875,0.95398,0.79537,0.68361,0.55665,0.89766,0.0099703,0.0099703,0.0099703
